beatmap_id,tags,max_burst_count,max_stream_count,max_max_continuous_stream,max_total_stream_notes,max_rhythm_change_ratio,max_global_rhythm_variance,max_max_stream_spacing_variance,max_buzz_slider_count,max_finger_control_score,max_avg_rhythm_instability,max_avg_spacing_instability,max_slider_disruption_rate,max_num_objects,max_objects_per_sec,max_mean_distance,max_std_distance,max_p95_distance,max_mean_time_gap,max_std_time_gap,max_slider_ratio,max_mean_angle,max_std_angle,max_sharp_angle_ratio,max_square_angle_ratio,max_wide_angle_ratio,max_linear_angle_ratio,max_vertical_jump_ratio,max_perfect_overlap_ratio,max_true_linear_ratio,mean_burst_count,mean_stream_count,mean_max_continuous_stream,mean_total_stream_notes,mean_rhythm_change_ratio,mean_global_rhythm_variance,mean_max_stream_spacing_variance,mean_buzz_slider_count,mean_finger_control_score,mean_avg_rhythm_instability,mean_avg_spacing_instability,mean_slider_disruption_rate,mean_num_objects,mean_objects_per_sec,mean_mean_distance,mean_std_distance,mean_p95_distance,mean_mean_time_gap,mean_std_time_gap,mean_slider_ratio,mean_mean_angle,mean_std_angle,mean_sharp_angle_ratio,mean_square_angle_ratio,mean_wide_angle_ratio,mean_linear_angle_ratio,mean_vertical_jump_ratio,mean_perfect_overlap_ratio,mean_true_linear_ratio,std_burst_count,std_stream_count,std_max_continuous_stream,std_total_stream_notes,std_rhythm_change_ratio,std_global_rhythm_variance,std_max_stream_spacing_variance,std_buzz_slider_count,std_finger_control_score,std_avg_rhythm_instability,std_avg_spacing_instability,std_slider_disruption_rate,std_num_objects,std_objects_per_sec,std_mean_distance,std_std_distance,std_p95_distance,std_mean_time_gap,std_std_time_gap,std_slider_ratio,std_mean_angle,std_std_angle,std_sharp_angle_ratio,std_square_angle_ratio,std_wide_angle_ratio,std_linear_angle_ratio,std_vertical_jump_ratio,std_perfect_overlap_ratio,std_true_linear_ratio,has_peak_stream_section,has_peak_jump_section,is_stream_jump_hybrid
462700,aim;awkward;awkward aim;complex patterns;fast sliders;flow aim;large jumps;large sliders;perfect overlap;slider aim;slider tech;sliders;snap aim;square jumps;tech;wide angles,13.0,2.0,9.0,17.0,0.25283630470016205,109.77655862375943,31.198310565748294,1.0,2.4941879934163387,0.44977685176372084,6.5148525709995795,0.0,619.0,4.698541858011431,177.20846065688,98.58248389959137,360.5957751594119,213.17637540453075,114.499387196682,0.35218093699515346,1.8930442283166793,0.9949845420208793,0.2358642972536349,0.07754442649434572,0.20678513731825526,0.27140549273021003,0.10016155088852989,0.050080775444264945,0.10177705977382875,13.0,2.0,9.0,17.0,0.25283630470016205,109.77655862375943,31.198310565748294,1.0,2.4941879934163387,0.44977685176372084,6.5148525709995795,0.0,619.0,4.698541858011431,177.20846065688,98.58248389959137,360.5957751594119,213.17637540453075,114.499387196682,0.35218093699515346,1.8930442283166793,0.9949845420208793,0.2358642972536349,0.07754442649434572,0.20678513731825526,0.27140549273021003,0.10016155088852989,0.050080775444264945,0.10177705977382875,0.0,0.0,0.0,0.0,0.0,0.0,0.0,0.0,0.0,0.0,0.0,0.0,0.0,0.0,0.0,0.0,0.0,0.0,0.0,0.0,0.0,0.0,0.0,0.0,0.0,0.0,0.0,0.0,0.0,0.0,1.0,0.0
404350,alternating;awkward;burst sliders;bursts;consistency;cut streams;doubles;finger control;flow;speed bursts;streams;triples,38.0,6.0,15.0,60.0,0.5670103092783505,147.47818578772743,59.77882682537406,6.0,32.28960660161017,20.04119892024947,27.16110387538975,0.030612244897959183,421.0,4.8490846115784265,113.65870820911337,77.99017383210004,255.5695897245841,218.0452380952381,147.47818578772743,0.4180522565320665,1.1794237244567016,0.933447722305122,0.5510204081632653,0.12589073634204276,0.12826603325415678,0.0688836104513064,0.061224489795918366,0.019002375296912115,0.30612244897959184,22.0,4.5,12.5,44.0,0.5191510876535294,139.99668959372434,56.27919511779895,3.5,27.95783678082826,17.04595705405877,24.749011467657507,0.025994958553492653,259.5,4.723104203167433,105.13760723092261,76.46883312477661,247.42999921731575,213.19787677957783,142.73030239463043,0.4131077609190945,1.0594788921938174,0.8861116098650281,0.51066459838092,0.11396577633428669,0.08964322070871104,0.05484996849095933,0.05555286247515633,0.014603228464782587,0.22432013185321636,16.0,1.5,2.5,16.0,0.047859221624821174,7.4814961940030855,3.4996317075751158,2.5,4.3317698207819095,2.9952418661906988,2.412092407732242,0.004617286344466528,161.5,0.12598040841099323,8.521100978190752,1.5213407073234393,8.139590507268352,4.8473613156602795,4.747883393096984,0.0049444956129720274,0.11994483226288433,0.04733611244009389,0.04035580978234521,0.011924960007756072,0.03862281254544574,0.014033641960347083,0.0056716273207620335,0.004399146832129527,0.08180231712637549,1.0,1.0,1.0
1861487,aim;aim control;aim diff spike;bursts;consistency;deathstream;flow;one third section;spaced bursts;spaced streams;streams;variable streams,55.0,27.0,357.0,660.0,0.3210802700675169,79.71763955214428,91.37128027329359,6.0,37.95532093125273,23.359836705209037,48.568118817294156,0.2334152334152334,1335.0,10.049382716049383,124.05442970609441,86.0567811660606,265.6399894291268,341.06,142.47012458757803,0.250936329588015,1.417898474861778,1.0382364264684039,0.6348195329087049,0.09803921568627451,0.1295880149812734,0.17647058823529413,0.09803921568627451,0.085995085995086,0.20212765957446807,19.8,10.2,112.6,256.2,0.19345061431483307,58.284137817385066,58.55935863307566,1.2,27.268909593427235,14.438984441953505,32.19733571558304,0.09430918280270602,471.6,7.303783489327243,94.62409485901415,62.01482984527089,212.4566157911754,169.73801800286247,92.98490091933665,0.19415224681808446,1.1290829304868297,0.9008688776467322,0.5673251701222595,0.05381556142947659,0.08400317900072611,0.0982150727051903,0.03834849031846603,0.0485933670090582,0.12330291261387143,19.95394697797907,9.495261976375375,129.24797870759915,229.88205671604732,0.07352440518538182,14.502670339073571,34.205228731464835,2.4,14.035831989013106,7.909884790922264,17.06308924496098,0.08881416331036782,462.4108995255194,2.680165447680554,19.70761127733098,17.630768800182683,65.24721438340978,90.860520694296,40.33949086299223,0.050055812140969325,0.18229457399146487,0.141655016211674,0.0799174427987565,0.02372362988141031,0.04013814605228081,0.049359152786801225,0.032666633020946606,0.03130573997872157,0.0476405223470166,1.0,1.0,1.0
909990,aim;aim diff spike;awkward aim;fast;fast jumps;high spacing;jumps;short jumps;wide angles,51.0,2.0,11.0,22.0,0.3888888888888889,97.39882738368827,90.86628999850491,0.0,15.026798563772997,5.0348670379761025,29.920846854353744,0.0029013539651837525,1034.0,4.798255179934569,162.57945956280983,72.71417386206623,277.7140028439899,208.6108422071636,124.41060098143073,0.32011605415860733,2.0262059650597886,0.7988360991773785,0.12475822050290135,0.1218568665377176,0.27079303675048355,0.19439071566731142,0.0551257253384913,0.05319148936170213,0.045454545454545456,51.0,2.0,11.0,22.0,0.3888888888888889,97.39882738368827,90.86628999850491,0.0,15.026798563772997,5.0348670379761025,29.920846854353744,0.0029013539651837525,1034.0,4.798255179934569,162.57945956280983,72.71417386206623,277.7140028439899,208.6108422071636,124.41060098143073,0.32011605415860733,2.0262059650597886,0.7988360991773785,0.12475822050290135,0.1218568665377176,0.27079303675048355,0.19439071566731142,0.0551257253384913,0.05319148936170213,0.045454545454545456,0.0,0.0,0.0,0.0,0.0,0.0,0.0,0.0,0.0,0.0,0.0,0.0,0.0,0.0,0.0,0.0,0.0,0.0,0.0,0.0,0.0,0.0,0.0,0.0,0.0,0.0,0.0,0.0,0.0,0.0,1.0,0.0
2060305,aim;comfortable;large jumps;no-bursts;sharp angles;simple rhythm;triples;vertical jumps,2.0,0.0,3.0,0.0,0.334841628959276,102.060680511648,0.0,0.0,0.6,0.5,0.0,0.0,222.0,4.2454724522384355,224.64834617178303,71.78580646789831,328.4935311387425,236.6108597285068,102.060680511648,0.23423423423423423,2.4147658549394846,0.5037811429599997,0.02252252252252252,0.06306306306306306,0.32882882882882886,0.3153153153153153,0.08108108108108109,0.013513513513513514,0.02702702702702703,2.0,0.0,3.0,0.0,0.334841628959276,102.060680511648,0.0,0.0,0.6,0.5,0.0,0.0,222.0,4.2454724522384355,224.64834617178303,71.78580646789831,328.4935311387425,236.6108597285068,102.060680511648,0.23423423423423423,2.4147658549394846,0.5037811429599997,0.02252252252252252,0.06306306306306306,0.32882882882882886,0.3153153153153153,0.08108108108108109,0.013513513513513514,0.02702702702702703,0.0,0.0,0.0,0.0,0.0,0.0,0.0,0.0,0.0,0.0,0.0,0.0,0.0,0.0,0.0,0.0,0.0,0.0,0.0,0.0,0.0,0.0,0.0,0.0,0.0,0.0,0.0,0.0,0.0,0.0,1.0,0.0
654779,aim;aim consistency;awkward aim;cross screen jumps;dense;large jumps,36.0,9.0,28.0,102.0,0.39657282741738065,97.80866468884741,146.13528177280327,15.0,32.15081526401303,11.058906855182997,60.59879346746142,0.2334963325183374,818.0,6.816666666666666,187.10114295226205,119.3992528445037,368.6645060865163,152.19574468085105,97.80866468884741,0.4621026894865526,1.9494629072052876,0.9588851520361976,0.20293398533007334,0.10757946210268948,0.22860635696821516,0.22505307855626328,0.06581740976645435,0.0843520782396088,0.13080684596577016,25.5,6.5,22.5,81.5,0.3791374775384776,93.3260300778019,138.76112735977722,10.5,28.35178091041771,8.290504625336778,60.17643620412024,0.1167481662591687,644.5,6.700566180171112,181.21318422986437,109.92921783095281,353.8492138465949,149.53728482512565,93.3260300778019,0.3902870135330852,1.8902195163256108,0.9022594577198653,0.18851582493679886,0.09837571831249123,0.22258343326117763,0.19687861751774044,0.05919232346513427,0.0570380348735199,0.09512741449031609,10.5,2.5,5.5,20.5,0.017435349878903078,4.482634611045512,7.374154413026048,4.5,3.7990343535953226,2.768402229846219,0.4223572633411763,0.1167481662591687,173.5,0.11610048649555438,5.887958722397684,9.470035013550898,14.815292239921433,2.658459855725397,4.482634611045512,0.07181567595346738,0.059243390879676894,0.0566256943163323,0.014418160393274468,0.009203743790198247,0.006022923707037511,0.028174461038522836,0.006625086301320086,0.027314043366088902,0.03567943147545408,1.0,1.0,1.0
1167920,aim control;alternating;awkward aim;bursts;complex patterns;cut streams;flow;flow aim;micro aim;perfect overlap;slider jumps;sliders;tech;triples;variable bpm,35.0,4.0,9.0,36.0,0.41509433962264153,112.72312226839662,91.85696007656891,12.0,28.132926126044314,15.8317431520495,31.937044755300878,0.08208955223880597,360.0,5.743825387708213,113.68990473455257,79.7100946832154,239.45925084283945,193.25842696629215,122.05888504222166,0.44029850746268656,1.3033166778884209,0.9360635677419104,0.48055555555555557,0.10820895522388059,0.19402985074626866,0.05,0.04477611940298507,0.025,0.2777777777777778,28.5,3.5,9.0,31.0,0.3877147675766839,108.90407303777761,84.84453314311756,8.5,25.08915448067576,13.006705222691636,30.91546850584752,0.06882255389718075,314.0,5.4688119186603075,105.9673127642194,78.02169342661546,230.59659622846974,183.92169259178115,119.33033310742728,0.38681592039800994,1.2073479492192996,0.9329760512040097,0.4305762852404643,0.09716003316749586,0.16368159203980098,0.04552238805970149,0.03488805970149254,0.018097014925373134,0.23776948590381425,6.5,0.5,0.0,5.0,0.027379572045957645,3.8190492306190222,7.012426933451344,3.5,3.043771645368553,2.8250379293578627,1.021576249453359,0.01326699834162521,46.0,0.27501346904790536,7.722591970333163,1.6884012565999384,8.862654614369717,9.336734374510982,2.728551934794382,0.05348258706467662,0.09596872866912132,0.0030875165379006253,0.04997927031509122,0.01104892205638474,0.030348258706467665,0.004477611940298509,0.009888059701492535,0.006902985074626867,0.04000829187396353,0.0,1.0,0.0
3168496,aim control;buzz sliders;dense;fast;finger control;snap;speed bursts;tech,25.0,0.0,6.0,0.0,0.5476190476190477,111.67910557585165,0.0,8.0,24.5119486285705,13.722434048217536,26.362213781152732,0.045454545454545456,174.0,6.115502221196562,110.28453178563788,86.78295484018183,248.84969989075915,215.79768786127167,245.61801832281,0.6149425287356322,1.420487804287325,0.9851089800242087,0.41509433962264153,0.1509433962264151,0.11363636363636363,0.09195402298850575,0.05747126436781609,0.09554140127388536,0.25,15.75,0.0,5.0,0.0,0.4764194139194139,93.39995904248062,0.0,3.25,16.55176518691179,7.923816112675637,23.347726241821405,0.012955993051534453,120.25,5.15825079257694,98.81075397163085,74.09429438385423,217.80016462144872,198.174939471068,201.5470193671596,0.5225765166929816,1.2948998001585448,0.9117704000878406,0.32406748037251876,0.12626098067145644,0.07890969387043921,0.06672505402038904,0.04949662491082413,0.05469729211772609,0.21722071078990007,7.980444849756184,0.0,0.7071067811865476,0.0,0.058450900352483834,12.622056750055254,0.0,2.947456530637899,5.327035258550835,3.708702725451714,3.214451593843325,0.018942374955490685,50.637807022026536,0.5635819182614513,11.995137908416035,9.150712330751157,23.39170399940638,19.53889300942493,28.164748961764516,0.06566589016298206,0.1334592810177128,0.070500632607287,0.06473586669451993,0.016785337092856685,0.021263323674428448,0.02184953165585648,0.008359576737822845,0.02840579351607916,0.04606831699815096,0.0,1.0,0.0
4754115,1-2;aim;aim diff spike;no-triples,2.0,0.0,4.0,0.0,0.639344262295082,102.75641806530447,66.98320154088644,0.0,6.168049212813725,0.6090899896074399,18.123804084282657,0.0,795.0,5.0849083757075695,217.71435519796964,74.0306958200708,339.87167959104477,206.8087431693989,115.77122998921404,0.5177111716621253,2.306262642022908,0.6123819944236379,0.04779874213836478,0.11444141689373297,0.3869209809264305,0.2490566037735849,0.08991825613079019,0.01907356948228883,0.007547169811320755,1.0,0.0,3.0,0.0,0.6009616381007648,100.27936211830476,44.8124615618085,0.0,6.039077564510127,0.5209858619271579,18.04631510065846,0.0,581.0,4.966752660611805,214.0576662329928,72.87338928232269,332.56266817965036,201.8584018113997,109.26382402725926,0.4852706801706853,2.2733566120802333,0.6072516259231651,0.047060134011961685,0.0993590732267407,0.3833975973814543,0.21580895583774612,0.08835535448048942,0.01708395455246517,0.006498380545987352,1.0,0.0,1.0,0.0,0.03838262419431726,2.4770559469997124,22.170739979077943,0.0,0.12897164830359742,0.08810412768028195,0.0774889836241961,0.0,214.0,0.11815571509576507,3.656688964976837,1.1573065377481129,7.309011411394437,4.950341357999193,6.507405961954781,0.032440491491440016,0.032906029942674664,0.005130368500472826,0.0007386081264031015,0.015082343666992272,0.0035233835449762496,0.03324764793583877,0.0015629016503007562,0.0019896149298236597,0.001048789265333402,0.0,1.0,0.0
1857147,burst sliders;complex rhythms;micro aim;soft tech,17.0,3.0,25.0,29.0,0.58,178.20840639855098,27.32711091028248,9.0,4.081642091440697,0.4441772515768494,11.784661293562133,0.09868421052631579,314.0,4.770296548371415,119.40838155210146,81.19473772958014,249.1511142854543,291.3907284768212,244.2794234789965,0.6666666666666666,1.834847361499445,0.9689104579635966,0.32894736842105265,0.14012738853503184,0.21568627450980393,0.21568627450980393,0.09803921568627451,0.21568627450980393,0.17105263157894737,10.25,1.25,16.5,19.75,0.515413426509738,144.13968242305077,16.11322154825093,5.5,2.708865084292948,0.35599260491797363,6.847764739620506,0.07578151216840931,206.0,4.329543093797497,109.0882324637021,74.83329040309991,222.81695639570128,236.68452669729214,169.62420149078264,0.5882360361447405,1.6041422776170622,0.9244099685413009,0.28282161137677597,0.11360913138193349,0.140539985039235,0.1332773657558037,0.05770547925224266,0.08134638416741086,0.1325440255313203,4.968651728587948,1.0897247358851685,8.760707733967616,11.519006033508273,0.04673329130352215,25.948773263165943,9.979400097628579,2.598076211353316,1.0425287046862082,0.05757821896162662,3.8852143054855586,0.022905528642618505,110.46040014412405,0.5138432435982204,13.532278493642218,8.764150472330972,34.35309219301377,32.065416333918535,44.22596614627577,0.04555097284019774,0.14926498894836104,0.029259308316867953,0.033812642170450824,0.026437677175668205,0.049282927395562136,0.0484832832849774,0.024353188760714753,0.07859602818429637,0.026752970029718055,1.0,1.0,1.0
3890370,dense;perfect overlap;slider aim;slider snap;slider spam;snap aim;tech,7.0,4.0,17.0,62.0,0.5274725274725275,129.79294290040343,30.320811847375094,2.0,12.711092663415865,5.767398783233548,25.319198948886513,0.025735294117647058,293.0,4.5659034445712745,163.87275099571045,108.9936272448572,362.07316870415775,263.1267123287671,258.1122214764202,0.8015873015873016,1.9275143545040576,0.9950822360899245,0.25597269624573377,0.11397058823529412,0.1875,0.20238095238095238,0.0661764705882353,0.05555555555555555,0.15699658703071673,4.75,1.5,11.0,24.0,0.50754009515848,121.46867850603623,11.667202593179027,0.5,7.483249761171656,1.749931641089776,17.88010107091897,0.006433823529411764,227.5,4.098101643453454,132.49409520029315,94.92653822308951,315.4384606363232,246.4794295118973,172.89544062582212,0.7467797336740855,1.8326991582722025,0.9510290392942002,0.2095511956571685,0.07645978521505119,0.1669721333155083,0.1826126299908932,0.047029945873171095,0.03685708200121034,0.11173284453786653,1.7853571071357126,1.6583123951777,6.164414002968976,25.96150997149434,0.014336870301221773,6.912442733119433,12.669986399631021,0.8660254037844386,3.4763310299847694,2.3202525447137763,5.5525742931369875,0.011143709239873291,78.99525302193797,0.2829371718755803,18.807375549988407,8.493866404398988,27.99236995626737,16.29816013087859,49.86669157584219,0.07121898957109604,0.1093892495782069,0.027860145020502217,0.03538535678028112,0.03036458080925266,0.013923443710580359,0.02305258265262934,0.014351832953093294,0.01282125809585748,0.03383988935996377,1.0,1.0,1.0
2494800,complex patterns;geometric;linear aim;perfect overlap,82.0,5.0,10.0,49.0,0.5469988674971688,59.75403657065179,60.33751214876889,0.0,5.6514397510991214,0.2328590499344244,17.906696303926044,0.0,884.0,6.4408014571949,83.27955029527617,57.83539801590777,152.45747534391006,155.43601359003398,59.75403657065179,0.1165158371040724,2.0403728148640137,0.8834654978224994,0.06900452488687783,0.2081447963800905,0.09841628959276018,0.17420814479638008,0.12330316742081449,0.057692307692307696,0.23642533936651583,82.0,5.0,10.0,49.0,0.5469988674971688,59.75403657065179,60.33751214876889,0.0,5.6514397510991214,0.2328590499344244,17.906696303926044,0.0,884.0,6.4408014571949,83.27955029527617,57.83539801590777,152.45747534391006,155.43601359003398,59.75403657065179,0.1165158371040724,2.0403728148640137,0.8834654978224994,0.06900452488687783,0.2081447963800905,0.09841628959276018,0.17420814479638008,0.12330316742081449,0.057692307692307696,0.23642533936651583,0.0,0.0,0.0,0.0,0.0,0.0,0.0,0.0,0.0,0.0,0.0,0.0,0.0,0.0,0.0,0.0,0.0,0.0,0.0,0.0,0.0,0.0,0.0,0.0,0.0,0.0,0.0,0.0,0.0,0.0,0.0,0.0
1958623,alt;alternating;flow;slider jumps;spaced bursts;spaced streams,76.0,7.0,13.0,67.0,0.4513089005235602,102.48412333774715,38.67249968168122,0.0,3.4876180879497394,0.4585546132072502,9.791175173670132,0.0,972.0,5.134706814580031,150.41421535697415,94.1992348556083,303.6778449967859,194.9536560247168,137.27051222603586,0.49074074074074076,1.5383150678458173,0.847877293878419,0.31378600823045266,0.11008230452674897,0.1831275720164609,0.06481481481481481,0.040123456790123455,0.01954732510288066,0.05864197530864197,76.0,7.0,13.0,67.0,0.4513089005235602,102.48412333774715,38.67249968168122,0.0,3.4876180879497394,0.4585546132072502,9.791175173670132,0.0,972.0,5.134706814580031,150.41421535697415,94.1992348556083,303.6778449967859,194.9536560247168,137.27051222603586,0.49074074074074076,1.5383150678458173,0.847877293878419,0.31378600823045266,0.11008230452674897,0.1831275720164609,0.06481481481481481,0.040123456790123455,0.01954732510288066,0.05864197530864197,0.0,0.0,0.0,0.0,0.0,0.0,0.0,0.0,0.0,0.0,0.0,0.0,0.0,0.0,0.0,0.0,0.0,0.0,0.0,0.0,0.0,0.0,0.0,0.0,0.0,0.0,0.0,0.0,0.0,1.0,1.0,1.0
3990297,aim control;complex stream shapes;cross screen jumps;cut streams;flow aim;high spacing;snap aim,15.0,3.0,19.0,49.0,0.35384615384615387,89.65185187967144,149.5069089160846,2.0,48.29197391084679,19.30651773542236,83.74717542779986,0.0,294.0,6.194732113302123,211.051551224951,154.8027492963407,465.88550918945896,211.48,108.15474839321666,0.3564356435643564,2.0214233331781664,0.9587120954121586,0.23809523809523808,0.15267175572519084,0.31297709923664124,0.22772277227722773,0.039603960396039604,0.0297029702970297,0.034013605442176874,9.0,1.3333333333333333,10.666666666666666,19.0,0.31675130582980415,81.66127795343827,135.4089951844158,0.6666666666666666,38.95571222386397,13.871629773067292,74.36585498727739,0.0,175.33333333333334,5.6233157703075305,205.83592314837026,128.92679810717922,416.74812461181546,181.41265599019866,87.82891012462001,0.2846649908798326,1.9315955969115557,0.8583873825167346,0.16449343952934006,0.13120984165716776,0.22752679536531314,0.20245897467141946,0.032449731964939756,0.016980666753386664,0.02557211633299177,5.887840577551898,1.247219128924647,6.018490028422596,21.463146709340332,0.028923450895105802,10.03389758434988,19.22162927534048,0.9428090415820634,9.952335904158446,6.525679691260303,7.609878956083783,0.0,84.79910900999425,0.611251096406613,4.559336904290753,18.32396557050255,35.15388258494835,21.47550776701874,16.592899552474176,0.060929932457208506,0.09566644600392152,0.09493307920938283,0.05475087341418982,0.016598370461782953,0.067295602101971,0.02132114742416201,0.005237594626765293,0.009320533490028336,0.0061016209897981856,1.0,1.0,1.0
3689040,bursts;dt speed;jumps;streams,36.0,19.0,13.0,175.0,0.47794117647058826,133.06479624603944,0.8532064179546305,3.0,0.07802370798355143,0.0,0.2600790266118381,0.0,591.0,4.9915540540540535,116.24025846353523,84.7398867773885,266.9738218124966,325.0,195.16234317112483,0.36879432624113473,1.7958065634574931,0.9490805059815683,0.43147208121827413,0.14285714285714285,0.1702127659574468,0.09523809523809523,0.09523809523809523,0.047619047619047616,0.13874788494077833,13.25,5.5,7.75,50.5,0.43080341083801943,123.08238510956537,0.3229071718024623,1.75,0.052482164469571935,0.0,0.17494054823190647,0.0,222.25,3.87540633513155,105.81578621171587,77.09189848105596,238.34202827004327,269.8057349116671,157.31087039508384,0.3102380816242687,1.4913310497330934,0.9036943922558731,0.2755571704327049,0.12182082169729323,0.11743384171899669,0.07397858295494458,0.04022353487242181,0.03884443533326496,0.11798491807350438,13.589977924926883,7.826237921249264,4.763139720814412,72.16127770487438,0.0668190350160357,10.211647870579341,0.3546473993320716,1.0897247358851685,0.03120707209504528,0.0,0.10402357365015093,0.0,218.24226790427193,0.6660669308260364,13.365373767620234,7.94742732323665,28.889121392371255,44.53789020897973,25.066728455633285,0.05418059685746361,0.2603412303405784,0.0702642519414514,0.1039582470045819,0.01551674517632192,0.04417760322702362,0.021495730658589212,0.03210081350827266,0.005092455586116572,0.01659266501944175,1.0,1.0,1.0
812580,alternating;deathstream;doubles;finger control;practise;streams,0.0,86.0,9.0,774.0,0.19883720930232557,75.0013333214817,0.5,0.0,0.6375,0.5,0.125,0.0,861.0,10.32258064516129,25.6,19.201271760206463,64.0,100.0,75.0013333214817,0.2,0.1554338623720212,0.4690365172368033,0.8989547038327527,0.09872241579558652,0.0,0.0,0.0,0.0,0.1997677119628339,0.0,47.0,9.0,423.0,0.19435531351192228,74.27018442081331,0.5,0.0,0.6370639534883721,0.5,0.12354651162790697,0.0,470.5,10.167104276069017,25.356962025316456,19.014128533484694,64.0,99.0506329113924,74.27018442081331,0.19988385598141695,0.14820138174732006,0.45899609772061906,0.8932273519163763,0.09311120789779326,0.0,0.0,0.0,0.0,0.19363385598141697,0.0,39.0,0.0,351.0,0.004481895790403284,0.7311489006683871,0.0,0.0,0.00043604651162787444,0.0,0.0014534883720930258,0.0,390.5,0.15547636909227336,0.2430379746835456,0.1871432267217692,0.0,0.9493670886075947,0.7311489006683871,0.00011614401858305035,0.0072324806247011375,0.010040419516184229,0.005727351916376355,0.005611207897793263,0.0,0.0,0.0,0.0,0.006133855981416955,0.0,0.0,0.0
1412805,aim;bursts;consistency;jumps;stream section;variable streams,77.0,16.0,45.0,339.0,0.33650793650793653,113.90414802649516,117.53256141629768,0.0,32.76963193652269,14.610210679143188,50.24923702994045,0.05420267085624509,1273.0,6.498647489608762,121.95217985660355,94.01065328825479,289.3011499791495,174.35455974842768,134.03326435647034,0.2436548223350254,1.3770556943830707,1.0247936626316634,0.5406091370558376,0.08326787117046347,0.17282010997643363,0.1218274111675127,0.05341712490180676,0.017766497461928935,0.20558375634517767,46.5,12.0,43.0,267.5,0.28973734421304753,109.17795931556017,92.83487067882896,0.0,31.43636222337269,13.99299555463645,48.29107139848298,0.052482046088021025,833.5,6.1192979082734205,115.73705469326761,93.46290292790025,287.7525904905202,164.31213992510442,126.23795451127282,0.2431942611282354,1.2855486962185494,1.0213985441515299,0.4871152519528992,0.07335982391010483,0.15239990270395287,0.12061519812106977,0.045744095445827235,0.016345935298128646,0.197057392705189,30.5,4.0,2.0,71.5,0.04677059229488899,4.726188710934984,24.69769073746872,0.0,1.3332697131500009,0.617215124506739,1.9581656314574758,0.0017206247682240682,439.5,0.3793495813353416,6.215125163335941,0.5477503603545344,1.5485594886292802,10.042419823323257,7.795309845197522,0.00046056120678998613,0.09150699816452146,0.003395118480133519,0.05349388510293843,0.00990804726035864,0.02042020727248077,0.0012122130464429157,0.007673029455979519,0.0014205621638002887,0.008526363639988682,1.0,1.0,1.0
4353816,aim;awkward aim;bursts;buzz sliders;progressive difficulty;triples,28.0,10.0,19.0,126.0,0.46438746438746437,128.48023177919652,21.559599612815575,7.0,0.9282343838855092,0.26029100445077474,2.146584630932678,0.0,489.0,5.465152666636864,135.34786106621408,113.34427322030844,327.79226179611646,221.356940509915,150.9889873242055,0.3192090395480226,1.6578723983408152,0.9885705429671825,0.3231083844580777,0.11864406779661017,0.1781609195402299,0.096045197740113,0.05172413793103448,0.09887005649717515,0.3149284253578732,26.333333333333332,5.333333333333333,13.0,60.666666666666664,0.43778255342881195,121.82986827020493,14.07679959417476,5.0,0.7792846686673528,0.24091762190134444,1.6339450746191322,0.0,397.0,5.063784769763987,130.8665349908682,104.25690855659774,304.9776866518113,199.2422301975303,147.1064981090888,0.27593736666033214,1.5288760844833114,0.9548892444762278,0.25313431634673117,0.11426654268443055,0.15613116460036247,0.07913797685054046,0.0393838815921837,0.07735294340282634,0.24576450466666425,1.247219128924647,3.6817870057290873,4.320493798938574,48.732831734764694,0.02153558535783978,5.517972918146467,6.558698596005307,2.160246899469287,0.13929504180620153,0.014455360000742299,0.5112687576668308,0.0,65.09992319503918,0.39286966471993334,3.1777969615950323,7.301833818192112,16.680217179852495,16.127565507305835,3.871591359373831,0.03785971327391758,0.12680536106565427,0.02791519170437798,0.05299059528840735,0.005615470724678811,0.01855539171210447,0.011992329581949195,0.014911144565131464,0.0158060416283843,0.05958678265483875,1.0,1.0,1.0
3101226,bursts,17.0,2.0,9.0,18.0,0.36617100371747213,119.40751460680822,205.37070644767584,0.0,44.76973634611941,19.394733156618642,116.32928483657645,0.0,549.0,6.439586510760888,333.5269116666217,185.78347779621092,507.2765864478077,265.93333333333334,338.71399931702456,0.23737373737373738,2.2973235381108488,0.8902437638533977,0.21739130434782608,0.0546448087431694,0.4696969696969697,0.21739130434782608,0.06521739130434782,0.03642987249544627,0.21739130434782608,7.2,1.0,8.2,9.0,0.2613174892590955,92.84459592029842,155.52031666296475,0.0,35.82661750440592,10.558001018808554,77.1900542727855,0.0,249.0,4.8886486363674795,306.9924532525151,148.37819735250127,482.0094841407551,212.78810552661474,165.35032705755273,0.14192315168794142,2.2048680751421257,0.6973712426193789,0.10591767546038469,0.039248773134806826,0.3931382701987046,0.1949571113468026,0.05171943011159728,0.018968012268083544,0.08358711851227887,6.337191807101944,0.6324555320336759,1.5999999999999999,5.692099788303083,0.11508532449277217,28.551635412436344,42.4120484060819,0.0,8.321621986943141,4.7469494792218825,21.837640647053412,0.0,202.7589702084719,0.8584264058695917,21.67205065157778,20.99317058460313,23.536528179091817,34.231504456622076,97.93115332063878,0.10731743260817496,0.11302093496575408,0.10667823715222724,0.06028226573615244,0.013455044235552351,0.08140606211190113,0.01175324908859802,0.007804004792897919,0.012718457668262493,0.07221814789846723,0.0,1.0,0.0
527660,jumps;large sliders;slider aim;wide angles,0.0,0.0,0.0,0.0,0.0,0.0,0.0,0.0,0.0,0.0,0.0,0.0,33.0,2.0,217.00301056470798,64.36486823567724,321.4141310115665,640.625,336.20991861484396,0.034482758620689655,2.084185901885923,0.7028889781351603,0.27586206896551724,0.3333333333333333,0.2,0.2,0.13793103448275862,0.0,0.0,0.0,0.0,0.0,0.0,0.0,0.0,0.0,0.0,0.0,0.0,0.0,0.0,25.75,1.8357723577235774,176.24578154592245,50.36193663729851,266.4065335684233,573.5491071428571,218.49895229021786,0.008620689655172414,1.5628303661497847,0.6089782639413814,0.20445502773088978,0.22608311229000883,0.11327867534764087,0.07685676392572945,0.0855317096696407,0.0,0.0,0.0,0.0,0.0,0.0,0.0,0.0,0.0,0.0,0.0,0.0,0.0,0.0,6.684870978560469,0.1699400927910032,23.854806606288257,8.224451265152874,33.90624391444513,49.32518052185953,108.69828344771672,0.014931472479042045,0.30592957183312763,0.10687569069568743,0.11806546915380045,0.07158075024596917,0.06710983928066533,0.07517925888278323,0.03080980212278495,0.0,0.0,0.0,1.0,0.0
944640,flow aim;short jumps;slider jumps;wide angles,0.0,0.0,2.0,0.0,0.6581196581196581,125.14179926579087,0.0,9.0,0.0,0.0,0.0,0.0,254.0,3.261260335884135,138.40597402048024,65.991654495591,247.8663644012246,327.2690582959641,162.97116036352054,0.6785714285714286,1.4825455917459909,0.7794860960222181,0.3346456692913386,0.1875,0.14960629921259844,0.06694560669456066,0.12053571428571429,0.008928571428571428,0.03937007874015748,0.0,0.0,2.0,0.0,0.6221738282012255,120.68444249681237,0.0,3.6666666666666665,0.0,0.0,0.0,0.0,239.0,3.140694109117734,130.67341818778013,61.114445418688895,235.72223193493878,319.9781616469768,150.00864394293913,0.6738343115060408,1.4332314464242606,0.7453168210140722,0.2852572135334548,0.1707814438990105,0.13495792759168704,0.03535654081419739,0.10219330912610819,0.002976190476190476,0.030606922042694454,0.0,0.0,0.0,0.0,0.04414217747099539,4.728155398610794,0.0,3.8586123009300755,0.0,0.0,0.0,0.0,12.24744871391589,0.08573522487550221,5.499616914080495,3.5963543075258935,8.807647371981032,8.639515353755423,11.00470824224189,0.00379106726492182,0.06934379601457721,0.03185492525870476,0.04002746620129433,0.012491449843113959,0.011563043822087508,0.024290066177109226,0.015045936422746303,0.004208968935634211,0.009920843618136029,0.0,1.0,0.0
555970,flow aim;jumps;wide angles,0.0,0.0,0.0,0.0,0.6875,178.091420454123,0.0,0.0,0.0,0.0,0.0,0.0,97.0,2.0874889826970358,161.13564495291263,62.8547163194261,243.0636424291654,562.2083333333334,246.83280063262268,0.684931506849315,1.5395054703772262,0.6985063412050018,0.2602739726027397,0.3854166666666667,0.2328767123287671,0.03125,0.0625,0.010416666666666666,0.0,0.0,0.0,0.0,0.0,0.6442166118764956,172.84616183399706,0.0,0.0,0.0,0.0,0.0,0.0,77.75,1.9308643524370808,155.78880956975837,54.158573854824866,236.40615231990708,526.7094896331739,222.9284069162087,0.6376239133675407,1.5055098967717888,0.6409970623213262,0.20269914893533558,0.334490650841846,0.1455706242448493,0.019370032677430996,0.0473193620643663,0.0026041666666666665,0.0,0.0,0.0,0.0,0.0,0.029654865536144333,4.215122134204143,0.0,0.0,0.0,0.0,0.0,0.0,21.20583646074825,0.10218165944264655,4.255682297186966,6.049941859325604,6.569006510169091,25.77136252096099,21.97646688030539,0.029987557908709234,0.03386363757157975,0.0428731884964672,0.03963514771445501,0.03341199926192792,0.05061583635249197,0.008116814099959492,0.008866260029812568,0.004510548978043952,0.0,0.0,1.0,0.0
777074,aim;aim consistency;cross screen jumps;large jumps,6.0,0.0,5.0,0.0,0.5121951219512195,97.90573611787445,111.0937576861074,0.0,18.760099610306806,4.172573037739438,45.84337321673161,0.0,781.0,5.903846153846154,247.96103999238892,84.51574339250065,355.1625839196222,193.59756097560975,97.90573611787445,0.43405889884763127,2.305997671696294,0.6098927751864646,0.060240963855421686,0.08962868117797695,0.43373493975903615,0.19846350832266324,0.1566265060240964,0.024096385542168676,0.019543973941368076,3.3333333333333335,0.0,3.0,0.0,0.4091637510802353,84.48767346869882,70.30536640237604,0.0,11.846735543246988,1.4052318113017686,33.86819123228289,0.0,390.3333333333333,5.518601240550059,237.64030609223724,71.21177582056437,332.38600572340687,182.71586203795673,85.3768882438445,0.3639738733636369,2.279238318828981,0.5781891237107201,0.052742586456466616,0.08730463777057455,0.42610996690009445,0.18101132419671886,0.1372719730264236,0.013461010164436247,0.008648674198979286,2.494438257849294,0.0,2.160246899469287,0.0,0.0738630984397313,9.915080328505535,29.29511206081988,0.0,4.928425685969358,1.956884936647857,8.738296920960002,0.0,290.9860630492273,0.283833641101792,7.748097258460202,11.616564656802822,20.675486119392854,9.753276051485548,9.038176581871728,0.056220522759551125,0.02626219764150328,0.027448587215109385,0.00967082157572311,0.0022075432901519053,0.006943966308278653,0.012687789380957179,0.014523998548490185,0.010038164108709719,0.008135405095607047,0.0,1.0,0.0
4956471,aim;bursts;large jumps;sharp angles,9.0,1.0,9.0,9.0,0.47692307692307695,105.75642737406658,153.40937165466366,0.0,12.88172463947629,1.3825422042166193,37.387007509682824,0.002190580503833516,913.0,5.267317821765042,260.85891269060625,119.01823553209364,435.3296748825957,190.05811403508773,117.93459159503945,0.37897042716319823,2.3803564451102637,0.6928331766626458,0.06133625410733844,0.04928806133625411,0.307776560788609,0.3263964950711939,0.04271631982475356,0.03285870755750274,0.056955093099671415,9.0,1.0,9.0,9.0,0.47692307692307695,105.75642737406658,153.40937165466366,0.0,12.88172463947629,1.3825422042166193,37.387007509682824,0.002190580503833516,913.0,5.267317821765042,260.85891269060625,119.01823553209364,435.3296748825957,190.05811403508773,117.93459159503945,0.37897042716319823,2.3803564451102637,0.6928331766626458,0.06133625410733844,0.04928806133625411,0.307776560788609,0.3263964950711939,0.04271631982475356,0.03285870755750274,0.056955093099671415,0.0,0.0,0.0,0.0,0.0,0.0,0.0,0.0,0.0,0.0,0.0,0.0,0.0,0.0,0.0,0.0,0.0,0.0,0.0,0.0,0.0,0.0,0.0,0.0,0.0,0.0,0.0,0.0,0.0,0.0,1.0,0.0
1331360,alternating;awkward;bursts;sliders;tech;triples;wide angles,21.0,0.0,7.0,0.0,0.596244131455399,146.63495754459754,0.0,6.0,1.563268413874807,0.16666666666666666,5.210894712916024,0.0,220.0,3.9583333333333335,129.70155842164985,76.46500181731624,268.20364839258156,300.0,214.84162752633083,0.42727272727272725,1.7474245927357672,0.8822095286089997,0.3979591836734694,0.2631578947368421,0.2830188679245283,0.07894736842105263,0.13157894736842105,0.05660377358490566,0.07547169811320754,11.0,0.0,5.8,0.0,0.4645676275704568,139.03656609457778,0.0,1.6,0.6727077961969481,0.03809523809523809,2.089978368275542,0.0,131.0,3.7477971546084765,124.69487094844735,69.71301986522022,243.34788978460682,270.91562614850284,183.87672632220932,0.30865838991672445,1.5619611481010154,0.8245938251672754,0.27086706248856907,0.15354099152794004,0.19519188127075768,0.057966338125225905,0.09194097218781572,0.026646089816752323,0.0533546974318715,7.042726744663604,0.0,1.6,0.0,0.10096230189563181,6.478086527555544,0.0,2.332380757938121,0.49100858500711625,0.0649437223665993,1.6646449052849657,0.0,73.71295679865244,0.1902929319285314,3.380539898621782,7.097044666401715,23.093653663220067,14.93416546298317,25.26636210313825,0.06838355248385299,0.13809101869389964,0.058030549496245476,0.10012973169887375,0.06333140802379549,0.06418385713800565,0.016307965864540724,0.02137072981050272,0.01693225897433759,0.011349785216189007,0.0,1.0,0.0
1128660,flow aim;jumps;slider jumps,7.0,0.0,3.0,0.0,0.5953177257525084,168.70268160529935,0.0,3.0,0.2571428571428571,0.21428571428571427,0.0,0.0,304.0,2.57487464426074,141.2315119792081,79.14139450569935,252.517872370708,417.1188118811881,239.6124970977203,0.75,1.5101491279893127,0.7612129243182902,0.24671052631578946,0.19078947368421054,0.11842105263157894,0.046052631578947366,0.07236842105263158,0.03289473684210526,0.08223684210526316,4.0,0.0,3.0,0.0,0.5631761042555645,163.84402744418105,0.0,1.5,0.12857142857142856,0.10714285714285714,0.0,0.0,228.0,2.490092658517815,135.62610400733806,78.9543038850924,252.14225165718773,404.02960461609075,208.6189325561076,0.6710526315789473,1.4872636067975962,0.7501137425239034,0.2220394736842105,0.15789473684210525,0.10526315789473684,0.042763157894736836,0.06578947368421052,0.029605263157894735,0.06085526315789474,3.0,0.0,0.0,0.0,0.032141621496943884,4.858654161118281,0.0,1.5,0.12857142857142856,0.10714285714285714,0.0,0.0,76.0,0.08478198574292528,5.605407971870051,0.18709062060694492,0.37562071352026294,13.089207265097372,30.993564541612713,0.07894736842105265,0.022885521191716385,0.011099181794386848,0.02467105263157894,0.03289473684210527,0.013157894736842105,0.003289473684210526,0.006578947368421056,0.003289473684210526,0.021381578947368425,0.0,1.0,0.0
2494801,complex patterns;finger control;perfect overlap,82.0,5.0,10.0,49.0,0.5469988674971688,59.75403657065179,60.33751214876889,0.0,5.6514397510991214,0.2328590499344244,17.906696303926044,0.0,884.0,6.4408014571949,83.27955029527617,57.83539801590777,152.45747534391006,155.43601359003398,59.75403657065179,0.1165158371040724,2.0403728148640137,0.8834654978224994,0.06900452488687783,0.2081447963800905,0.09841628959276018,0.17420814479638008,0.12330316742081449,0.057692307692307696,0.23642533936651583,82.0,5.0,10.0,49.0,0.5469988674971688,59.75403657065179,60.33751214876889,0.0,5.6514397510991214,0.2328590499344244,17.906696303926044,0.0,884.0,6.4408014571949,83.27955029527617,57.83539801590777,152.45747534391006,155.43601359003398,59.75403657065179,0.1165158371040724,2.0403728148640137,0.8834654978224994,0.06900452488687783,0.2081447963800905,0.09841628959276018,0.17420814479638008,0.12330316742081449,0.057692307692307696,0.23642533936651583,0.0,0.0,0.0,0.0,0.0,0.0,0.0,0.0,0.0,0.0,0.0,0.0,0.0,0.0,0.0,0.0,0.0,0.0,0.0,0.0,0.0,0.0,0.0,0.0,0.0,0.0,0.0,0.0,0.0,0.0,0.0,0.0
4215985,aim control;alternating;fast sliders,67.0,19.0,21.0,204.0,0.44015444015444016,84.701303389254,75.13092964002139,0.0,10.13182053528517,1.2599307387733163,28.713744339787937,0.006693440428380187,747.0,6.800071408864437,150.7873723843979,94.76752896232512,348.93860611286425,152.9785522788204,109.14285628876152,0.39856801909307876,1.7399122889997043,0.8613971955439343,0.324582338902148,0.18340026773761714,0.2119460500963391,0.13119143239625167,0.04238921001926782,0.01606425702811245,0.057279236276849645,60.0,9.333333333333334,17.0,99.33333333333333,0.38747226185160644,71.97632776328419,57.74365035414163,0.0,9.478906678806263,0.9430672818687977,27.787396943389513,0.0036689525156173354,561.6666666666666,6.6974805475752435,135.6168856989194,91.8430617295943,319.24125664012854,149.63114489790095,80.12351206312003,0.3609256387796986,1.6271770867681006,0.8407950147715885,0.2683930332470885,0.1736179600364969,0.17020256050220875,0.12286803929642753,0.040148422926988454,0.0138283023892259,0.051071989907719655,5.0990195135927845,6.944222218666553,4.96655480858378,75.61892767172927,0.03853443609562751,10.326612363252007,12.296421780552786,0.0,0.7010568344021184,0.4046173367157859,0.7640412128052944,0.002146859946939771,137.2621174573993,0.1095617844178428,10.758117688802228,2.1288281001436693,21.159859303654116,2.4089472361838054,21.13616782208266,0.03937977380936553,0.09006856739258096,0.021140992166062616,0.04853155812813478,0.012435996048103602,0.029648421218788582,0.007943924748224461,0.0020251975648487353,0.0017036398870135243,0.006325842243887821,1.0,1.0,1.0
869890,jumps;large sliders;slider aim;variable bpm,0.0,0.0,0.0,0.0,0.0,0.4714045207910317,0.0,0.0,0.0,0.0,0.0,0.0,31.0,1.1049723756906078,167.48403826732925,72.15097776423033,317.17596687568,1025.642857142857,477.39819042621247,0.5483870967741935,1.741635633280943,0.9783178115867904,0.4117647058823529,0.17647058823529413,0.2,0.16129032258064516,0.06666666666666667,0.12903225806451613,0.0967741935483871,0.0,0.0,0.0,0.0,0.0,0.421739478325787,0.0,0.0,0.0,0.0,0.0,0.0,21.0,1.0523736412365983,163.33381726836942,60.60350175973925,272.0447548582813,1004.2795634920635,475.9071230765681,0.5174362218005482,1.6061694322326225,0.9665234511949653,0.3114484503478811,0.11330381615011598,0.15964579380139154,0.1374235715791693,0.052582753531520136,0.06261859582542695,0.03225806451612903,0.0,0.0,0.0,0.0,0.0,0.04585184212802782,0.0,0.0,0.0,0.0,0.0,0.0,7.118052168020874,0.040163774356854774,4.695635704320178,9.763297914832675,33.995291245911986,30.205525517852703,1.081107442178396,0.03369178266000348,0.13930741866941768,0.013848204944448524,0.0868102028772449,0.04632599425433495,0.03364055178187135,0.018050506078299073,0.014724094498000606,0.05274550724703197,0.045619792334615966,0.0,1.0,0.0
759780,aim;bursts;short jumps;triples;wide angles,17.0,2.0,17.0,26.0,0.6116751269035533,163.20876550092018,0.816741140989145,4.0,0.28750322378764376,0.18619692135321375,0.21355639387929093,0.0,408.0,3.142256417365588,132.79617428327273,80.07261248500531,249.6653691432236,319.02457002457004,191.35557903356806,0.5049019607843137,1.7178597591265543,0.8652767332383222,0.18137254901960784,0.11274509803921569,0.16666666666666666,0.10049019607843138,0.056372549019607844,0.058823529411764705,0.15441176470588236,17.0,2.0,17.0,26.0,0.6116751269035533,163.20876550092018,0.816741140989145,4.0,0.28750322378764376,0.18619692135321375,0.21355639387929093,0.0,408.0,3.142256417365588,132.79617428327273,80.07261248500531,249.6653691432236,319.02457002457004,191.35557903356806,0.5049019607843137,1.7178597591265543,0.8652767332383222,0.18137254901960784,0.11274509803921569,0.16666666666666666,0.10049019607843138,0.056372549019607844,0.058823529411764705,0.15441176470588236,0.0,0.0,0.0,0.0,0.0,0.0,0.0,0.0,0.0,0.0,0.0,0.0,0.0,0.0,0.0,0.0,0.0,0.0,0.0,0.0,0.0,0.0,0.0,0.0,0.0,0.0,0.0,0.0,0.0,1.0,1.0,1.0
1010310,aim;aim diff spike;cross screen jumps;high spacing;large jumps;sharp angles;variable bpm,6.0,3.0,17.0,35.0,0.42138364779874216,111.02932391599204,141.64143959882023,1.0,6.642147410249105,1.183673666554844,17.31175281413031,0.009404388714733543,531.0,5.018169233431389,224.31448653421654,100.35260381851053,419.14329291853306,229.4056603773585,178.58313313316643,0.4482758620689655,2.2255085350234936,0.8270948624090658,0.14420062695924765,0.07210031347962383,0.3653483992467043,0.2975517890772128,0.06896551724137931,0.08097928436911488,0.060263653483992465,4.0,2.5,13.0,26.5,0.4166879554274175,108.750387138787,128.79788490899801,0.5,6.296056757658473,1.089155571601438,16.583211628882157,0.004702194357366771,425.0,4.692742140258895,216.35402904680564,97.5057204387184,404.6351232595649,214.65408805031447,142.5272917473742,0.4331774790570816,2.163823837414797,0.8185095323317282,0.1361304453063658,0.06241550513905862,0.36449238144153395,0.26162855911540894,0.06649782453406065,0.07027020644788032,0.05050800229058557,2.0,0.5,4.0,8.5,0.004695692371324667,2.2789367772050397,12.843554689822227,0.5,0.34609065259063243,0.0945180949534059,0.72854118524815,0.004702194357366771,106.0,0.3254270931724941,7.960457487410892,2.846883379792132,14.508169658968143,14.751572327044016,36.055841385792235,0.015098383011883904,0.06168469760869688,0.008585330077337638,0.008070181652881828,0.009684808340565208,0.0008560178051703338,0.03592322996180389,0.0024676927073186555,0.010709077921234555,0.009755651193406892,1.0,1.0,1.0
1282960,burst sliders;consistency;deathstream;flow;slider jumps;streams;variable bpm;variable streams,63.0,40.0,93.0,977.0,0.5161290322580645,139.83089887774207,93.06573313872462,3.0,26.767699291031757,13.026511152505629,36.366296207449174,0.07533234859675036,1354.0,11.224809967712224,152.4840582931302,107.66799747716583,335.94935149748846,545.4285714285714,276.7673571259776,0.7428571428571429,1.6362058146463687,0.9217235537737029,0.8358881875563571,0.20689655172413793,0.1724137931034483,0.0775480059084195,0.025110782865583457,0.03840472673559823,0.4714285714285714,21.25,17.75,42.0,436.0,0.248934403272545,97.78689480138776,44.297480705895936,1.25,8.233069143014067,4.08294628737867,10.88737925883294,0.022439940169926995,658.0,5.785710446068965,83.05157840047801,67.17429718537173,196.9623685464864,311.76965614979787,161.2411561130126,0.39388199914390676,1.0197075857659201,0.7678443827207134,0.504401935342204,0.10918221654163116,0.07305392111876666,0.04222866418304419,0.009866836512479852,0.010052038311491983,0.29060096631883714,25.723287114985908,18.0329559418305,41.611296543126365,442.2764972276958,0.1585753380325485,28.981830607203623,44.41014182375906,1.299038105676658,10.99292986803591,5.3369707573487,14.999717104060625,0.031100278556606915,581.3308008354624,3.9742650051685913,41.429538074128615,27.67128437379281,90.27744473532142,205.70641292985925,76.9744600790665,0.292822399267907,0.3877846362757444,0.12986931188648904,0.2459694283208345,0.05741151621813308,0.0627132061369694,0.03125234845983457,0.009276199761790798,0.01638598094371731,0.1636883530110695,1.0,1.0,1.0
430510,aim;bursts;consistency;jumps;triples,23.0,1.0,9.0,9.0,0.7777777777777778,265.07634586247497,0.07832508425633927,1.0,0.5745911944996583,0.47320508075688766,0.27875942099887585,0.0,360.0,3.715902373110379,151.89742979798712,97.79216852767772,309.0195300580526,399.44444444444446,265.07634586247497,0.42105263157894735,1.9200137253245937,1.084260721295428,0.47368421052631576,0.12222222222222222,0.24722222222222223,0.23484848484848486,0.10526315789473684,0.15151515151515152,0.2857142857142857,8.6,0.2,6.0,1.8,0.6067984386784712,181.76107412055634,0.015665016851267855,0.2,0.3850506037632212,0.29272794253611256,0.11259024239962043,0.0,149.8,3.4034830069447835,118.8525631056289,75.65367373016495,240.58239867159455,304.4822476163469,189.83384811627306,0.34496521607047914,1.497864846229884,0.9378703039967491,0.2953573327257538,0.0941810587073745,0.16680192906508698,0.09314430014430015,0.06234988987620567,0.06976334776334776,0.18336431989063567,7.812809993849845,0.4000000000000001,2.280350850198276,3.6000000000000005,0.09325791949938413,42.385101468854195,0.03133003370253572,0.4,0.21039340135233758,0.16211391128176972,0.10587011265283139,0.0,118.13449961802013,0.39260378869272194,26.79598486627148,14.808545364230875,44.21557302846547,47.98527332654939,39.886928094737854,0.039233740286433116,0.3616994696505676,0.08923814530260216,0.11375963900104372,0.018906612778919307,0.06438915687279287,0.08310127799635575,0.025860515108223292,0.04945074075606769,0.06453987662857515,0.0,1.0,0.0
404440,burst sliders;bursts;fast;jumps;short jumps;slider tech;speed bursts;streams;tech;triples,41.0,8.0,11.0,75.0,0.3384615384615385,101.3509165425931,101.25449882806434,1.0,14.508871255677862,7.535240681548577,17.74392998712323,0.04780114722753346,523.0,5.086657978175028,122.7864688914186,76.7548737435193,243.34337878808208,196.96934865900383,117.74629773957449,0.4684512428298279,1.531778500631487,0.9695661745584627,0.30975143403441685,0.14722753346080306,0.1835564053537285,0.10133843212237094,0.0745697896749522,0.06118546845124283,0.1739961759082218,41.0,8.0,11.0,75.0,0.3384615384615385,101.3509165425931,101.25449882806434,1.0,14.508871255677862,7.535240681548577,17.74392998712323,0.04780114722753346,523.0,5.086657978175028,122.7864688914186,76.7548737435193,243.34337878808208,196.96934865900383,117.74629773957449,0.4684512428298279,1.531778500631487,0.9695661745584627,0.30975143403441685,0.14722753346080306,0.1835564053537285,0.10133843212237094,0.0745697896749522,0.06118546845124283,0.1739961759082218,0.0,0.0,0.0,0.0,0.0,0.0,0.0,0.0,0.0,0.0,0.0,0.0,0.0,0.0,0.0,0.0,0.0,0.0,0.0,0.0,0.0,0.0,0.0,0.0,0.0,0.0,0.0,0.0,0.0,0.0,1.0,0.0
569590,aim;bursts;consistency;slider jumps;triples;wide angles,112.0,9.0,37.0,141.0,0.4292845257903494,92.0415934613078,109.55704114854811,6.0,41.35374318839678,21.308652277192,52.27869944108329,0.03325020781379884,1203.0,5.93379600171651,149.10252373015956,88.65167575199378,277.1468537776884,168.66638935108153,92.0415934613078,0.22776392352452202,1.6370946254591094,0.9002269531576431,0.2709891936824605,0.11305070656691604,0.2344139650872818,0.07896924355777224,0.07481296758104738,0.040731504571903575,0.13881961762261014,112.0,9.0,37.0,141.0,0.4292845257903494,92.0415934613078,109.55704114854811,6.0,41.35374318839678,21.308652277192,52.27869944108329,0.03325020781379884,1203.0,5.93379600171651,149.10252373015956,88.65167575199378,277.1468537776884,168.66638935108153,92.0415934613078,0.22776392352452202,1.6370946254591094,0.9002269531576431,0.2709891936824605,0.11305070656691604,0.2344139650872818,0.07896924355777224,0.07481296758104738,0.040731504571903575,0.13881961762261014,0.0,0.0,0.0,0.0,0.0,0.0,0.0,0.0,0.0,0.0,0.0,0.0,0.0,0.0,0.0,0.0,0.0,0.0,0.0,0.0,0.0,0.0,0.0,0.0,0.0,0.0,0.0,0.0,0.0,1.0,1.0,1.0
569636,jumps;sliders,0.0,0.0,0.0,0.0,0.7236024844720497,138.6644157455371,0.0,0.0,0.0,0.0,0.0,0.0,323.0,2.9301570310161202,158.39332045112656,44.73944733976921,227.39216759091914,342.33850931677017,138.6644157455371,0.6625386996904025,1.9654105476433892,0.6645647980574353,0.0804953560371517,0.21981424148606812,0.2631578947368421,0.14551083591331268,0.05263157894736842,0.05263157894736842,0.006191950464396285,0.0,0.0,0.0,0.0,0.7236024844720497,138.6644157455371,0.0,0.0,0.0,0.0,0.0,0.0,323.0,2.9301570310161202,158.39332045112656,44.73944733976921,227.39216759091914,342.33850931677017,138.6644157455371,0.6625386996904025,1.9654105476433892,0.6645647980574353,0.0804953560371517,0.21981424148606812,0.2631578947368421,0.14551083591331268,0.05263157894736842,0.05263157894736842,0.006191950464396285,0.0,0.0,0.0,0.0,0.0,0.0,0.0,0.0,0.0,0.0,0.0,0.0,0.0,0.0,0.0,0.0,0.0,0.0,0.0,0.0,0.0,0.0,0.0,0.0,0.0,0.0,0.0,0.0,0.0,0.0,1.0,0.0
866940,aim;aim diff spike;jumps;slider aim;variable bpm,0.0,0.0,0.0,0.0,0.5054945054945055,174.7517335174302,0.0,0.0,0.0,0.0,0.0,0.0,110.0,1.5555178460320156,149.19228937849672,66.71524086715431,279.3884825408588,730.5116279069767,360.2605240844867,0.6363636363636364,1.4808037835623402,0.7693547139309045,0.3181818181818182,0.20909090909090908,0.13636363636363635,0.06818181818181818,0.045454545454545456,0.045454545454545456,0.00909090909090909,0.0,0.0,0.0,0.0,0.5027472527472527,173.8174902326418,0.0,0.0,0.0,0.0,0.0,0.0,77.0,1.4781282086393364,146.44831428271618,61.260755065216074,270.47544986333344,689.6411350544058,329.42674118228365,0.6318181818181818,1.478167594925206,0.6925506914430246,0.2954545454545454,0.20681818181818182,0.13636363636363635,0.038636363636363635,0.03636363636363636,0.027272727272727275,0.004545454545454545,0.0,0.0,0.0,0.0,0.0027472527472527375,0.9342432847884083,0.0,0.0,0.0,0.0,0.0,0.0,33.0,0.07738963739267912,2.7439750957805273,5.454485801938237,8.913032677525308,40.87049285257092,30.83378290220304,0.004545454545454519,0.002636188637134329,0.07680402248787982,0.022727272727272735,0.0022727272727272596,0.0,0.02954545454545454,0.009090909090909092,0.01818181818181818,0.004545454545454545,0.0,1.0,0.0
883670,aim;cross screen jumps;fast sliders;high spacing;large jumps;large sliders;slider tech;spaced bursts;spaced streams;tech;variable bpm;variable streams,53.0,6.0,13.0,59.0,0.43134535367545074,92.44082674593542,160.67126910152302,5.0,25.508269038847544,8.455377784048956,50.84643960187137,0.035961272475795295,723.0,6.638508860527041,217.7414958119335,149.67752749501474,475.7041076812243,153.80981595092024,156.29249565518376,0.2157676348547718,2.0622267168234516,1.026366656912362,0.23236514522821577,0.056708160442600276,0.18902439024390244,0.3048780487804878,0.10365853658536585,0.08536585365853659,0.15491009681881052,33.0,3.0,9.0,29.5,0.40675547938549605,84.07603562154542,160.66185198120965,2.5,24.296420815661477,7.924167262308653,48.98964275441247,0.03017575818911716,443.5,6.589965610511616,208.2679990078828,144.99973645232552,454.71138334782415,152.32734564859032,126.16990538213967,0.2145911345005566,1.9554357908861064,0.9781734621469804,0.18935330432142494,0.05579310461154404,0.18441537631143945,0.2589397159531761,0.0746508450561684,0.07380325877947577,0.12928431670208818,20.0,3.0,4.0,29.5,0.024589874289954655,8.36479112439001,0.009417120313372607,2.5,1.2118482231860686,0.5312105217403031,1.8567968474588987,0.005785514286678135,279.5,0.04854325001542525,9.473496804050697,4.677791042689236,20.99272433340016,1.4824703023299293,30.122590273044082,0.001176500354215168,0.10679092593734507,0.04819319476538153,0.04301184090679082,0.0009150558310562357,0.004609013932462977,0.045938332827311676,0.02900769152919745,0.011562594879060827,0.025625780116722334,1.0,1.0,1.0
1345677,fast;short jumps;variable streams,41.0,10.0,26.0,155.0,0.38563829787234044,88.22821347989674,88.79771284564222,6.0,17.433457704772398,6.429048345448788,30.856870762317975,0.15384615384615385,421.0,7.435009889799378,101.0828588220662,72.5510165723976,229.090919428749,136.7712765957447,129.93978685767027,0.4297082228116711,1.7269500656642254,1.0367865364194777,0.3919239904988123,0.09501187648456057,0.17771883289124668,0.14588859416445624,0.06896551724137931,0.07427055702917772,0.30403800475059384,37.0,8.0,22.0,111.5,0.35586262719703976,80.79389864457951,77.74756613661273,5.0,15.163272339811606,5.8334986911636655,25.704673556064584,0.15055728119861136,399.0,7.382965995730008,92.46747681546744,70.5830787599727,223.22963519544442,135.79516210739615,101.64968533346627,0.40250256746284263,1.5107198286219923,1.0010760804248284,0.33256676978521515,0.08066243691602035,0.1684318630014428,0.10976139921999534,0.052297485461544765,0.06445119300390002,0.23292085913922267,4.0,2.0,4.0,43.5,0.029775670675300653,7.434314835317231,11.050146709029498,1.0,2.270185364960791,0.5955496542851222,5.152197206253392,0.00328887264754249,22.0,0.052043894069369934,8.615382006598765,1.967937812424914,5.861284233304588,0.9761144883485429,28.290101524203997,0.027205655348828434,0.2162302370422331,0.03571045599464928,0.05935722071359714,0.014349439568540227,0.009286969889803862,0.0361271949444609,0.016668031779834547,0.009819364025277694,0.07111714561137118,1.0,1.0,1.0
862338,sliders;tech;variable streams,42.0,4.0,26.0,53.0,0.6470588235294118,174.86589463719457,17.956004236031635,3.0,0.7975201444992801,0.3279989904859474,1.3464045197204775,0.0,708.0,5.555122624600621,145.60824088848423,89.52682067466374,281.9933569962445,469.8,452.48332565963136,0.5170340681362725,2.433890567347288,0.9850848304238436,0.3290960451977401,0.14772727272727273,0.38095238095238093,0.25,0.07214428857715431,0.09090909090909091,0.11016949152542373,18.0,1.75,11.25,23.0,0.49466373384499257,127.04578893716848,6.130531421238903,1.0,0.3284816286566733,0.14355124912359649,0.5207337656945252,0.0,329.0,3.9433258354111524,133.1512263213551,70.62390475192402,235.83773465913586,293.4980001016601,245.25310210752207,0.4593038248336132,1.9832482393244368,0.7776189096008487,0.17380935471353595,0.10449693226794038,0.250466856561461,0.17650110552016057,0.050618249853584936,0.04269163648303284,0.07352096426325393,18.49324200890693,1.7853571071357126,10.755812382149477,23.526580712037184,0.10284664900387981,32.15409340611503,7.334820668891905,1.224744871391589,0.34318843167076635,0.14643504588609282,0.5636106263731381,0.0,285.2569017569952,1.2922561055369277,10.784518405509038,14.86083021480443,38.32234680086168,113.04774472619057,133.84879808596895,0.04727848988576699,0.3343187837984276,0.23531237497718072,0.12662685639978427,0.02640865410914682,0.0801502518577197,0.04976382907252599,0.029440474260107312,0.03237480709289675,0.033134170725732076,1.0,1.0,1.0
1128530,doubles;flow aim;short jumps;slider aim,0.0,0.0,0.0,0.0,0.5757575757575758,208.51303544482113,0.0,0.0,0.0,0.0,0.0,0.0,150.0,1.9675925925925926,132.26378264377996,60.48674425970267,237.42549581296916,595.4430379746835,347.60590761448833,0.6625,1.4795824354977285,0.8290017697241262,0.35294117647058826,0.2625,0.1375,0.09333333333333334,0.0375,0.0375,0.03333333333333333,0.0,0.0,0.0,0.0,0.4614538714626511,180.7722986683062,0.0,0.0,0.0,0.0,0.0,0.0,88.0,1.842797304106828,123.11118755705627,54.85394944744727,214.35687761851514,553.4291517674407,270.8981889173983,0.598218954248366,1.3648922510770927,0.7968225156133107,0.33514705882352946,0.1924673202614379,0.09302287581699348,0.0617483660130719,0.03341503267973856,0.02361111111111111,0.011111111111111112,0.0,0.0,0.0,0.0,0.1043175176793125,21.313731847138133,0.0,0.0,0.0,0.0,0.0,0.0,47.69346566005312,0.10965272091237929,7.004518140703838,4.25614555669302,17.11706536009787,30.562133962610517,57.680491664916,0.045837926324921056,0.09955614218932934,0.023374819982088152,0.016862887596297147,0.0751409493329009,0.03452726119402254,0.026101282844414764,0.0033025135508836165,0.016782008296659125,0.01571348402636772,0.0,1.0,0.0
1071520,flow aim;jumps;slider aim,0.0,0.0,0.0,0.0,0.5514018691588785,163.86270826655678,0.0,0.0,0.0,0.0,0.0,0.0,135.0,1.5289654000792796,141.72877189918594,50.14129282137892,215.73086177024086,658.9179104477612,286.88177003379514,0.7777777777777778,1.2923939145186862,0.6027164445205933,0.37777777777777777,0.26666666666666666,0.1037037037037037,0.0,0.037037037037037035,0.0,0.0,0.0,0.0,0.0,0.0,0.5514018691588785,163.86270826655678,0.0,0.0,0.0,0.0,0.0,0.0,135.0,1.5289654000792796,141.72877189918594,50.14129282137892,215.73086177024086,658.9179104477612,286.88177003379514,0.7777777777777778,1.2923939145186862,0.6027164445205933,0.37777777777777777,0.26666666666666666,0.1037037037037037,0.0,0.037037037037037035,0.0,0.0,0.0,0.0,0.0,0.0,0.0,0.0,0.0,0.0,0.0,0.0,0.0,0.0,0.0,0.0,0.0,0.0,0.0,0.0,0.0,0.0,0.0,0.0,0.0,0.0,0.0,0.0,0.0,0.0,0.0,0.0,1.0,0.0
902950,awkward;burst sliders;bursts;streams;tech,40.0,4.0,11.0,37.0,0.5933609958506224,171.846588560844,54.10998973492969,1.0,17.16205042736703,9.398562874296376,19.41338007345361,0.0199203187250996,502.0,3.785822021116139,179.97808118958318,116.67857683103533,361.9159398337064,412.5,187.48744553409296,0.45454545454545453,1.7672594531887296,1.0419360250536496,0.4207920792079208,0.12749003984063745,0.18181818181818182,0.24242424242424243,0.045816733067729085,0.061752988047808766,0.14356435643564355,17.0,1.6666666666666667,6.333333333333333,15.0,0.5311203319502075,149.4060151687386,18.036663244976562,0.3333333333333333,6.84342105781689,3.132854291432125,10.164080347415753,0.011590601291204816,245.66666666666666,3.2477486896802765,127.10568558190602,80.00898390290338,260.85163969915254,322.6141001578931,178.94644419012727,0.41902596634165407,1.5202859072965877,0.9939342006560133,0.35335107215900874,0.09900233051193565,0.16287027109085414,0.15137728912333465,0.028473564487922893,0.028835154431777837,0.09182033741222728,16.87206764645835,1.699673171197595,4.642796092394706,15.895492023421818,0.044010795509536155,23.148529767207222,25.507693781002178,0.4714045207910317,7.390195817189197,4.430525027882065,7.590414555673242,0.008452999356265496,193.94214486685343,0.5454706740592572,37.49555566425024,25.99585438875649,71.89903500628617,64.43921695918773,6.466156892756741,0.03237958485874218,0.18846588043756954,0.03395844713626985,0.06116173226669555,0.028189848635001697,0.015677346875318677,0.06935653025464077,0.02029297977221763,0.02537530407304647,0.04675232521372809,0.0,1.0,0.0
1097580,flow aim;jumps;slider aim,0.0,0.0,0.0,0.0,0.65625,209.93308978153902,0.0,1.0,0.0,0.0,0.0,0.0,36.0,1.8214936247723132,168.80015573697887,62.91941369706241,246.36656317338952,648.9677419354839,245.32960585751587,0.7142857142857143,1.4679293793293315,0.776702871300462,0.3888888888888889,0.34375,0.15625,0.08333333333333333,0.16666666666666666,0.027777777777777776,0.0,0.0,0.0,0.0,0.0,0.5920194892473118,183.93370794081738,0.0,0.25,0.0,0.0,0.0,0.0,34.75,1.7632769283699743,157.78462354553545,59.359075334345185,235.8438081788211,586.0259690973164,237.3903771282324,0.6586061507936508,1.4422397203223498,0.6952072491116801,0.2708829365079365,0.2752232142857143,0.1021577380952381,0.0490079365079365,0.11517857142857144,0.006944444444444444,0.0,0.0,0.0,0.0,0.0,0.0633639517928302,22.26932300097756,0.0,0.4330127018922193,0.0,0.0,0.0,0.0,1.6393596310755,0.09968950312397502,9.944951570915123,3.150966657792281,12.647665850561069,36.342119179836374,9.722391963254472,0.07397393040666908,0.03558970718176164,0.07300766049201589,0.07331951601752319,0.04426751243602421,0.031245305061152986,0.030368811949581184,0.03402112480660473,0.012028130608117204,0.0,0.0,1.0,0.0
407180,flow aim;jumps;short jumps;slider jumps;wide angles,14.0,0.0,5.0,0.0,0.6235294117647059,127.38262565183146,0.0,0.0,12.338928566845198,5.651804271827257,18.52254480217497,0.0,261.0,3.492666738036613,141.43298009832193,70.89648891523241,262.9843301310574,287.4153846153846,171.12028089196318,0.4521072796934866,1.7141098802440689,0.8760109181810253,0.23371647509578544,0.10344827586206896,0.23754789272030652,0.10727969348659004,0.0421455938697318,0.0421455938697318,0.06130268199233716,14.0,0.0,5.0,0.0,0.6235294117647059,127.38262565183146,0.0,0.0,12.338928566845198,5.651804271827257,18.52254480217497,0.0,261.0,3.492666738036613,141.43298009832193,70.89648891523241,262.9843301310574,287.4153846153846,171.12028089196318,0.4521072796934866,1.7141098802440689,0.8760109181810253,0.23371647509578544,0.10344827586206896,0.23754789272030652,0.10727969348659004,0.0421455938697318,0.0421455938697318,0.06130268199233716,0.0,0.0,0.0,0.0,0.0,0.0,0.0,0.0,0.0,0.0,0.0,0.0,0.0,0.0,0.0,0.0,0.0,0.0,0.0,0.0,0.0,0.0,0.0,0.0,0.0,0.0,0.0,0.0,0.0,0.0,1.0,0.0
2480417,fast sliders;large sliders;slider aim;slider jumps;slider tech;sliders;tech,17.0,0.0,5.0,0.0,0.703125,148.9894573398987,79.79281266174618,8.0,22.99943420790136,4.845854571822154,58.23842725803519,0.27586206896551724,321.0,4.158103522439421,190.15629776297646,99.06391044909768,338.1682763859316,298.3636363636364,256.7893628238992,0.9692307692307692,1.8367049731549272,0.8865478034072687,0.3235294117647059,0.18461538461538463,0.22118380062305296,0.19540229885057472,0.09230769230769231,0.029411764705882353,0.040498442367601244,6.0,0.0,4.0,0.0,0.5147689095362433,130.74853372605799,19.948203165436546,2.25,16.502980167521187,1.3843215198481542,47.377003860522635,0.20956439518220338,126.75,3.679698402264075,169.63500592060024,88.85340006049104,320.3364902397998,277.5440522595137,189.35269599351807,0.820282517429491,1.7531249731000773,0.8332009553044298,0.24165067474720375,0.13526037178053255,0.20658970373146407,0.14251643789472457,0.0768310383227636,0.00968938977460143,0.010124610591900311,6.4031242374328485,0.0,1.0,0.0,0.14706630415716226,18.890161888138156,34.5513014022424,3.344772040064913,4.788393637169271,1.9986640540258203,10.457139785781717,0.0530669680268843,113.71977620449312,0.2865260570028847,12.980353859627225,6.117099595168164,12.06161302789381,21.562192330929218,54.040638224826594,0.11818647128548135,0.1193950286681201,0.048794628219276416,0.05630333142394394,0.03334683687201729,0.014188869570005046,0.05076698269600942,0.013543893935266458,0.012008941243141554,0.01753633995202134,0.0,1.0,0.0
1284130,aim;aim consistency;aim diff spike;awkward aim;high spacing;large jumps;slider jumps;snap aim;wide angles,15.0,0.0,5.0,0.0,0.4342105263157895,136.0478417155416,104.47181545315873,0.0,22.419150708291305,8.007913462041103,53.515923399502505,0.021164021164021163,292.0,4.8618048618048615,213.39024696676069,88.33744568930061,350.2576168829044,252.89473684210526,194.4966767319425,0.4025974025974026,2.1253747676610817,0.8445637135417277,0.17989417989417988,0.11688311688311688,0.35064935064935066,0.29515418502202645,0.10616438356164383,0.07792207792207792,0.10273972602739725,6.75,0.0,4.25,0.0,0.3684638916984734,105.00684635168055,64.62373329868684,0.0,16.40739491585252,3.5710571100692037,40.31012502955208,0.009696291634617625,196.25,4.4796840013965795,200.1843848845793,76.58989193391689,328.0734112442199,226.1660254804446,139.36226359569525,0.34352755886610215,2.046373027458193,0.8230433366559432,0.14816199929877438,0.11153927947573472,0.29481418689598643,0.21410519941462552,0.09003474859111212,0.05648087772733238,0.058337341912563685,5.539629951540085,0.0,1.299038105676658,0.0,0.06814140064773708,22.510160175011446,41.58171791615292,0.0,4.282216918796383,3.3723982146872262,8.704046283952376,0.009776863892429797,78.08128777114271,0.35071703957039657,10.48857836875975,8.70166016303758,13.756972907091438,18.77426615283101,34.05605727637646,0.05123758980859297,0.05657153015040853,0.015462502905483268,0.021764942458432152,0.00573619890008769,0.0432865424962291,0.04939857314997226,0.01018448450824745,0.024142718175601242,0.031130467536505054,0.0,1.0,0.0
1580213,aim;awkward;buzz sliders;large jumps;spaced bursts,91.0,10.0,29.0,152.0,0.3875,80.56540581513981,159.99537654284524,20.0,52.315738772173006,22.563864621584774,89.3802514626593,0.4965034965034965,1123.0,7.558938577016598,214.9808781470606,134.71050149939043,428.71881889886663,157.174688057041,103.12788590369449,0.5734265734265734,1.9898161801002339,1.000096312839989,0.37924865831842575,0.11985688729874776,0.22377622377622378,0.3006993006993007,0.0979020979020979,0.07658058771148708,0.06411398040961709,48.666666666666664,6.666666666666667,23.0,98.33333333333333,0.3670918195021448,67.0513253736584,141.21565263800076,13.0,45.55125245651181,19.472475195047423,71.2872863739052,0.26603210342778355,608.3333333333334,7.107045538976471,179.63339007490785,114.86832167686578,375.3821306120669,141.96130371248634,81.62227383035666,0.3862516575970986,1.8220621037640201,0.9662772474758216,0.28238165501310314,0.10871167530033937,0.1917717051391387,0.2382408537640578,0.06713464353920773,0.056371986438875386,0.04327190684332063,33.9050963065371,3.39934634239519,7.788880963698615,56.64117073491881,0.0173593224040611,11.428582626395926,20.572143773477368,9.201449161228174,5.884614194539175,2.7698195724717887,12.805821601515209,0.16331587194426994,401.60123948458573,0.5268823220073542,26.548688818931222,14.087958154987668,37.73086829823457,10.796929324767238,21.29215213590357,0.13429957821068697,0.15912150016076373,0.02519978061359531,0.06991445866063849,0.010636652325985258,0.027971536688712974,0.04639045473664028,0.022172465348564433,0.02511051894597606,0.017639630070059503,1.0,1.0,1.0
4388892,finger control,12.0,0.0,3.0,0.0,0.696969696969697,220.960978062939,0.0,0.0,65.86620591856567,40.0,62.91550913767975,0.0,167.0,3.5218970118563244,137.357689228597,68.87406111242116,258.6275987751031,451.12280701754383,254.96680693324512,0.6724137931034483,1.4527643788378617,0.7562509741792268,0.2634730538922156,0.2236024844720497,0.11377245508982035,0.05172413793103448,0.07784431137724551,0.0,0.049689440993788817,4.0,0.0,3.0,0.0,0.5551429388221841,183.9513936136256,0.0,0.0,61.66420696653006,39.689906911929526,46.787728907382075,0.0,113.6,2.931699239017285,127.00996494216534,65.14584588994107,241.01201399445563,353.59459640436563,210.37942979738196,0.5586871350242484,1.413604324741639,0.6624156590573599,0.2261756535865871,0.19145523311245136,0.07344388059526263,0.03143313611268257,0.04139562071090319,0.0,0.02072553936427389,4.09878030638384,0.0,0.0,0.0,0.09189011526898495,32.59830378888798,0.0,0.0,2.1753763400253696,0.30935290463646203,8.359654827359861,0.0,56.052118604027804,0.4219417284720997,8.330324017094497,2.3219516134502056,13.096240308324715,55.69895789283152,28.31116307661806,0.08745462769729873,0.0368142035146364,0.07432553900354893,0.04491809798227318,0.051963585199372116,0.0269791156377289,0.019129594631784694,0.03422786653550754,0.0,0.01766708991452684,0.0,1.0,0.0
437400,burst sliders;doubles;flow aim;jumps;sliders;wide angles,2.0,0.0,3.0,0.0,0.5309734513274337,173.1804246217197,0.0,20.0,0.0,0.0,0.0,0.0,377.0,2.584741114523914,153.38350465736394,79.76046579592604,297.3213749463701,439.0165289256198,238.15971387615386,0.639344262295082,1.7291137765984559,0.9106458893469359,0.2786885245901639,0.16180371352785147,0.20491803278688525,0.14323607427055704,0.10655737704918032,0.07377049180327869,0.04509283819628647,1.5,0.0,3.0,0.0,0.5024730270335799,165.07410817684067,0.0,10.5,0.0,0.0,0.0,0.0,249.5,2.4406923132529963,149.97102093093758,75.07542176965711,272.3331075863906,413.4657112713205,210.70231625307252,0.6273644388398487,1.7282798049175199,0.8953444605323602,0.25075009783884855,0.14647562725572902,0.19131843283906597,0.1371918076270818,0.08908770709222942,0.06606296473453059,0.03893986172109405,0.5,0.0,0.0,0.0,0.028500424293853827,8.106316444879042,0.0,9.5,0.0,0.0,0.0,0.0,127.5,0.1440488012709178,3.412483726426373,4.685044026268926,24.98826735997946,25.550817654299266,27.457397623081334,0.011979823455233296,0.0008339716809359077,0.015301428814575746,0.027938426751315373,0.015328086272122454,0.013599599947819285,0.006044266643475238,0.0174696699569509,0.007707527068748096,0.006152976475192414,0.0,1.0,0.0
519940,burst sliders;bursts;doubles;finger control;speed bursts;streams;triples,30.0,9.0,21.0,93.0,0.43870967741935485,105.491491207177,49.65947154408679,8.0,43.98820259932735,35.323066235315174,20.433825760709468,0.13333333333333333,315.0,5.665111538009174,98.96747722812313,80.36572079233382,232.59708432534887,239.10344827586206,190.78519150723997,0.7333333333333333,1.0841345104948774,0.8497062028586958,0.6333333333333333,0.16666666666666666,0.1619047619047619,0.03333333333333333,0.030508474576271188,0.0,0.26666666666666666,20.0,4.0,15.75,42.0,0.353062458972755,98.69155279579275,33.59390325430675,4.25,29.205919953105102,20.384128646070465,15.090613960320532,0.07259379657479476,232.25,4.907098019706524,90.57326381507595,65.39419173005878,209.74753691227738,208.31618710290692,147.14004202759236,0.5763461715693255,0.9610717571539062,0.7881559629208815,0.5932639290345583,0.13323672772532077,0.10505793543738533,0.019080224313055234,0.01851578783723526,0.0,0.2003561677246505,11.726039399558575,3.082207001484488,3.897114317029974,30.748983723043597,0.12199527941349321,5.348382408568676,17.532958255793343,2.277608394786075,8.65945890265711,8.72106060735165,6.6845679419312685,0.046094135797031054,117.16521454766342,0.498202684614212,6.787634423334078,8.93239387538756,14.250194627711451,22.595296101138924,25.517066251482387,0.09710113860778037,0.08694850856298812,0.040508666120074976,0.04223845413310244,0.028035945957051108,0.0351587321677935,0.008793685343173926,0.012017241853950873,0.0,0.04300904449168895,1.0,1.0,1.0
264261,fast;slider jumps,7.0,0.0,5.0,0.0,0.6341463414634146,106.66117792739313,0.0,9.0,8.700037816241071,4.031981155595182,12.872201431756176,0.0,227.0,4.567619282760323,182.39120263367553,90.63345524832499,312.4385550977629,279.3554502369668,189.88492825236003,0.7180616740088106,1.978002057898509,0.8688523171858715,0.1891891891891892,0.12264150943396226,0.24324324324324326,0.21621621621621623,0.07048458149779736,0.08108108108108109,0.06167400881057269,5.0,0.0,4.333333333333333,0.0,0.47749182571990345,103.06268366387083,0.0,3.0,3.5895678612603192,1.4816911291202428,6.038461687720095,0.0,171.0,4.045465294437148,167.42468378202298,83.73639529966647,302.9544967000864,251.38473790781666,143.37716631830145,0.6923540613175723,1.9148800615277282,0.8341260233536086,0.176727762589287,0.12106862077770564,0.24046101624856508,0.15595260292292956,0.06195313008961085,0.04390703146001957,0.04550275901368911,2.160246899469287,0.0,0.9428090415820634,0.0,0.14142485109540245,3.661550042891581,0.0,4.242640687119285,3.653689436222937,1.8036213173913827,5.111931369223185,0.0,68.86218120274728,0.39977929982224364,12.250588441819552,6.2740975780491945,10.23376890855556,23.466653147025696,37.50515780812882,0.019824840629506017,0.048428897460094544,0.025322152130141037,0.012079555911850125,0.0015598284975488702,0.0032842492996113014,0.044496521720347106,0.006722622602270235,0.027027207758777205,0.02262027214493728,0.0,1.0,0.0
2630863,burst sliders;bursts;consistency;deathstream;slider jumps;spaced bursts;streams;variable streams,67.0,21.0,57.0,425.0,0.3409090909090909,159.422444818084,102.68653140678953,8.0,33.16221655717072,16.121809273938386,44.533294737729214,0.15201900237529692,854.0,7.524427958448241,126.73937630048785,94.22955073725463,291.29023327259017,249.23243243243243,252.31347946772541,0.4809976247030879,1.1833251471402217,0.9741938504647274,0.6498829039812647,0.13064133016627077,0.13657957244655583,0.08602150537634409,0.053763440860215055,0.010752688172043012,0.2423887587822014,38.333333333333336,14.666666666666666,30.333333333333332,229.33333333333334,0.27245104892789035,123.0806997453576,98.72593286357589,4.333333333333333,27.081097643321645,12.569199946822307,38.922048719054146,0.10714769713954501,627.3333333333334,5.8487912852729735,110.23935783755057,88.46096947001136,281.5733920497333,183.16321855406295,158.15875427130075,0.4138601115944727,1.069738255680993,0.9097716154449547,0.560692372143288,0.10758058524701619,0.12077435640355887,0.05467415776530963,0.05055134789870273,0.004771877846738011,0.1757315069309251,25.037749277618563,6.342099196813483,18.856180831641268,147.1877108396697,0.04841315102900017,27.275369584934673,4.8253208170589215,3.2998316455372216,5.078317394785767,3.1651640041558635,4.140221302698545,0.03395777006567787,312.10824333162935,1.4283512495254986,15.300315964857642,5.866152748961882,9.643584555632273,48.75326004446952,68.07107810609455,0.05486594343260482,0.13903475350289163,0.05932718186352163,0.06322163455044186,0.01674301748354055,0.02083570190592946,0.02425748574238882,0.0023964039523236753,0.004472226442880475,0.04959252206758547,1.0,1.0,1.0
5053115,aim;fast;fast jumps;jumps;slider jumps;snap aim,3.0,0.0,3.0,0.0,0.5993377483443708,118.34618138455039,0.0,0.0,3.4654456427472597,0.30463269904244017,10.332954679654438,0.0,312.0,3.8593800252344077,158.79118043352807,72.30611676303658,266.6426602884442,259.94212218649517,200.25537520794887,0.6153846153846154,2.2237604745492523,0.5969834109402614,0.04487179487179487,0.08012820512820513,0.3301282051282051,0.11217948717948718,0.09615384615384616,0.00641025641025641,0.03205128205128205,3.0,0.0,3.0,0.0,0.5993377483443708,118.34618138455039,0.0,0.0,3.4654456427472597,0.30463269904244017,10.332954679654438,0.0,312.0,3.8593800252344077,158.79118043352807,72.30611676303658,266.6426602884442,259.94212218649517,200.25537520794887,0.6153846153846154,2.2237604745492523,0.5969834109402614,0.04487179487179487,0.08012820512820513,0.3301282051282051,0.11217948717948718,0.09615384615384616,0.00641025641025641,0.03205128205128205,0.0,0.0,0.0,0.0,0.0,0.0,0.0,0.0,0.0,0.0,0.0,0.0,0.0,0.0,0.0,0.0,0.0,0.0,0.0,0.0,0.0,0.0,0.0,0.0,0.0,0.0,0.0,0.0,0.0,0.0,1.0,0.0
1095270,awkward;burst sliders;bursts;complex patterns;cut streams;doubles;finger control;triples,40.0,8.0,10.0,71.0,0.4966887417218543,115.15213354098687,80.59981697197489,3.0,38.08718734053606,21.641998015037945,39.920915000026966,0.0468384074941452,427.0,5.90687977762335,93.51502283822005,71.31628361866908,235.37796452299563,182.95305164319248,148.77069872977887,0.40046838407494145,1.130327224564809,0.9073707695218118,0.5098039215686274,0.1451990632318501,0.11764705882352941,0.05620608899297424,0.03747072599531616,0.02810304449648712,0.20140515222482436,26.0,5.5,9.5,49.5,0.47322475363604677,110.93667316246483,73.69097019377766,3.0,34.91430906588874,20.091066953956915,35.619171673520285,0.039759073028118354,290.0,5.692796813546721,93.18643504459565,70.8058570473863,224.26700125264875,176.6804731900173,146.33442115728093,0.35709693713550994,1.1281827994684135,0.8996918674285448,0.4867520778803325,0.1085472440342257,0.10449097671855628,0.047710887633742025,0.035075232278703836,0.01731949610445271,0.1529901578117586,14.0,2.5,0.5,21.5,0.02346398808580752,4.215460378522039,6.90884677819723,0.0,3.1728782746473225,1.5509310610810303,4.301743326506681,0.007079334466026849,137.0,0.21408296407662908,0.3285877936243935,0.5104265712827711,11.110963270346858,6.272578453175186,2.436277572497957,0.04337144693943151,0.0021444250963955636,0.007678902093267104,0.023051843688294965,0.036651819197624405,0.013156082104973134,0.008495201359232218,0.002395493716612327,0.010783548392034409,0.04841499441306577,0.0,1.0,0.0
424260,awkward;fast;jumps;large jumps;short jumps;slider tech;tech,19.0,0.0,7.0,0.0,0.535483870967742,111.67709621466079,54.42237348440944,5.0,21.34203259728865,8.507620044030086,37.04613641801644,0.006349206349206349,315.0,4.329539831766453,162.90899990772178,78.51028712196984,259.12846546101497,256.0,147.73828905473903,0.6666666666666666,2.129117490327707,0.8837771578966317,0.20952380952380953,0.11428571428571428,0.5666666666666667,0.13968253968253969,0.06984126984126984,0.03492063492063492,0.10158730158730159,10.5,0.0,6.0,0.0,0.33670745272525027,90.87055317855555,27.21118674220472,2.5,11.062361945970043,4.503810022015043,18.827553700093944,0.0031746031746031746,172.5,4.185244053814261,146.34242594687794,68.27833207894827,244.0242288236176,243.85350318471336,108.90114959859467,0.584126984126984,1.970958199406415,0.7863001099168023,0.17142857142857143,0.05714285714285714,0.3880952380952381,0.13650793650793652,0.051587301587301584,0.01746031746031746,0.08412698412698413,8.5,0.0,1.0,0.0,0.19877641824249168,20.80654303610524,27.21118674220472,2.5,10.279670651318607,4.003810022015043,18.218582717922494,0.0031746031746031746,142.5,0.14429577795219206,16.566573960843854,10.231955043021571,15.104236637397392,12.146496815286625,38.83713945614436,0.08253968253968252,0.15815929092129177,0.09747704797982931,0.0380952380952381,0.05714285714285714,0.17857142857142855,0.003174603174603177,0.018253968253968255,0.01746031746031746,0.01746031746031746,0.0,1.0,0.0
509260,burst sliders;doubles;flow aim;short jumps;slider jumps;wide angles,7.0,0.0,5.0,0.0,0.6346863468634686,120.29684489405321,0.0,0.0,14.084190104101413,0.34987976320958225,45.547781294166384,0.0,275.0,3.27116144073845,136.32292444905002,65.41815284929211,242.64089022204874,306.8175182481752,150.8065526939952,0.6509090909090909,1.3849443113522089,0.7354933576980884,0.2872727272727273,0.21454545454545454,0.09454545454545454,0.02909090909090909,0.06181818181818182,0.007272727272727273,0.02181818181818182,7.0,0.0,5.0,0.0,0.6346863468634686,120.29684489405321,0.0,0.0,14.084190104101413,0.34987976320958225,45.547781294166384,0.0,275.0,3.27116144073845,136.32292444905002,65.41815284929211,242.64089022204874,306.8175182481752,150.8065526939952,0.6509090909090909,1.3849443113522089,0.7354933576980884,0.2872727272727273,0.21454545454545454,0.09454545454545454,0.02909090909090909,0.06181818181818182,0.007272727272727273,0.02181818181818182,0.0,0.0,0.0,0.0,0.0,0.0,0.0,0.0,0.0,0.0,0.0,0.0,0.0,0.0,0.0,0.0,0.0,0.0,0.0,0.0,0.0,0.0,0.0,0.0,0.0,0.0,0.0,0.0,0.0,0.0,1.0,0.0
2909812,tech,18.0,6.0,20.0,56.0,0.4770992366412214,150.5849366789145,95.66679912673064,3.0,40.81487243259528,19.750796870180718,62.9305698781485,0.36363636363636365,279.0,7.182500816193274,117.14085515362144,88.52362134987007,259.5084569267113,222.60791366906474,223.50454474150555,0.45454545454545453,1.7857904668047682,1.059372955893749,0.3181818181818182,0.11688311688311688,0.2524271844660194,0.1863799283154122,0.06451612903225806,0.07766990291262135,0.22727272727272727,10.75,3.25,13.75,36.25,0.38631886501974716,108.17498687643719,73.67839506753684,1.25,36.17164701918985,17.639354370509903,48.11743978082711,0.18972994677661137,164.25,5.48773117990404,106.87397809508144,78.41795580159098,244.2614143131839,189.9794041195997,171.41568688322673,0.34729153645533223,1.6381682451529873,0.9694114054399292,0.26766304040810773,0.07997614053830777,0.19792269706143806,0.13279417932173962,0.04827871914076111,0.04423942796946242,0.1615374699073415,6.299801584177076,1.7853571071357126,3.897114317029974,17.03489066592445,0.0717280287663738,29.94323762727952,13.670973199718373,1.0897247358851685,3.4921741978871452,1.3619765413260265,11.287193757321123,0.1046963864748196,94.65034336968884,1.0456367588318125,10.165380940068223,8.273698617855066,13.85033078604406,31.178062550829708,31.250246736378102,0.10018611114543222,0.1363753187137649,0.07449725168625797,0.03313849429515473,0.026414740918059933,0.03156951602757864,0.034127332066903486,0.015940827397468077,0.028377534160886276,0.04121895399383744,1.0,1.0,1.0
1099210,aim;aim consistency;high spacing;large jumps;wide angles,3.0,4.0,23.0,48.0,0.2878787878787879,93.88537173931917,84.42179018632007,3.0,16.172316139144232,4.649209859709666,35.24806695462369,0.105,796.0,5.208333333333334,235.41306649094284,90.31409245041573,364.89779266476677,208.8679245283019,135.73104710148206,0.425,2.158863925421459,0.8491278564005128,0.225,0.155,0.3103015075376884,0.2613065326633166,0.07537688442211055,0.01507537688442211,0.06,2.0,3.0,20.0,41.0,0.24635669673837612,86.95817873706642,73.60364278818716,1.5,14.171977457085685,3.7280851672908817,31.771177152612886,0.05564070351758794,498.0,5.001035079795242,195.17102120742402,78.63968763305941,305.3888224070544,200.91637432445248,118.07114038811453,0.35508793969849245,1.9635130086214603,0.8073382055834695,0.17154522613065326,0.1290075376884422,0.28515075376884425,0.2006532663316583,0.05768844221105528,0.007537688442211055,0.04381909547738694,1.0,1.0,3.0,7.0,0.04152209114041176,6.92719300225275,10.818147398132904,1.5,2.0003386820585467,0.9211246924187841,3.4768898020108043,0.04935929648241206,298.0,0.20729825353809161,40.242045283518834,11.674404817356319,59.50897025771236,7.951550203849436,17.659906713367533,0.06991206030150754,0.19535091679999905,0.04178965081704333,0.05345477386934674,0.025992462311557787,0.02515075376884421,0.060653266331658295,0.017688442211055273,0.007537688442211055,0.016180904522613063,1.0,1.0,1.0
2321980,aim control;awkward aim;finger control;micro aim;tech,100.0,29.0,31.0,461.0,0.3190436933223413,78.01952673455969,135.04770836241534,0.0,42.40775938143204,19.897552540724064,60.97194586888348,0.07970419063270337,1217.0,7.801332059820896,106.66950643383707,102.93029681500364,292.5938036235669,128.28865131578948,99.35387347174213,0.20460147904683648,1.714046737052426,1.098978257319198,0.2612982744453574,0.05505341002465078,0.15694330320460148,0.17173377156943304,0.029580936729663106,0.22596548890714874,0.21364009860312244,100.0,29.0,31.0,461.0,0.3190436933223413,78.01952673455969,135.04770836241534,0.0,42.40775938143204,19.897552540724064,60.97194586888348,0.07970419063270337,1217.0,7.801332059820896,106.66950643383707,102.93029681500364,292.5938036235669,128.28865131578948,99.35387347174213,0.20460147904683648,1.714046737052426,1.098978257319198,0.2612982744453574,0.05505341002465078,0.15694330320460148,0.17173377156943304,0.029580936729663106,0.22596548890714874,0.21364009860312244,0.0,0.0,0.0,0.0,0.0,0.0,0.0,0.0,0.0,0.0,0.0,0.0,0.0,0.0,0.0,0.0,0.0,0.0,0.0,0.0,0.0,0.0,0.0,0.0,0.0,0.0,0.0,0.0,0.0,1.0,1.0,1.0
